/location/suffolk/aldeburgh/;
/location/bedfordshire/arlesey/;
/location/norfolk/attleborough/;
/location/hertfordshire/baldock/;
/location/essex/basildon/;
/location/suffolk/beccles/;
/location/bedfordshire/bedford/;
/location/essex/benfleet/;
/location/bedfordshire/biggleswade/;
/location/essex/billericay/;
/location/hertfordshire/bishops-stortford/;
/location/lincolnshire/boston/;
/location/lincolnshire/bourne/;
/location/essex/braintree/;
/location/suffolk/brandon/;
/location/essex/brentwood/;
/location/buckinghamshire/buckingham/;
/location/suffolk/bungay/;
/location/hertfordshire/buntingford/;
/location/suffolk/bures/;
/location/essex/burnham-on-crouch/;
/location/suffolk/bury-st-edmunds/;
/location/cambridgeshire/cambridge/;
/location/essex/canvey-island/;
/location/cambridgeshire/chatteris/;
/location/essex/chelmsford/;
/location/essex/clacton-on-sea/;
/location/essex/colchester/;
/location/norfolk/cromer/;
/location/norfolk/dereham/;
/location/norfolk/diss/;
/location/norfolk/downham-market/;
/location/essex/dunmow/;
/location/bedfordshire/dunstable/;
/location/cambridgeshire/ely/;
/location/essex/epping/;
/location/suffolk/eye/;
/location/norfolk/fakenham/;
/location/suffolk/felixstowe/;
/location/essex/frinton-on-sea/;
/location/norfolk/great-yarmouth/;
/location/suffolk/halesworth/;
/location/essex/halstead/;
/location/norfolk/harleston/;
/location/essex/harlow/;
/location/hertfordshire/harpenden/;
/location/essex/harwich/;
/location/hertfordshire/hatfield/;
/location/suffolk/haverhill/;
/location/bedfordshire/henlow/;
/location/hertfordshire/hertford/;
/location/hertfordshire/hitchin/;
/location/essex/hockley/;
/location/norfolk/holt/;
/location/norfolk/hunstanton/;
/location/cambridgeshire/huntingdon/;
/location/essex/ingatestone/;
/location/suffolk/ipswich/;
/location/norfolk/kings-lynn/;
/location/hertfordshire/knebworth/;
/location/essex/leigh-on-sea/;
/location/bedfordshire/leighton-buzzard/;
/location/suffolk/leiston/;
/location/hertfordshire/letchworth-garden-city/;
/location/suffolk/lowestoft/;
/location/bedfordshire/luton/;
/location/essex/maldon/;
/location/essex/manningtree/;
/location/cambridgeshire/march/;
/location/norfolk/melton-constable/;
/location/buckinghamshire/milton-keynes/;
/location/hertfordshire/much-hadham/;
/location/suffolk/newmarket/;
/location/buckinghamshire/newport-pagnell/;
/location/norfolk/north-walsham/;
/location/norfolk/norwich/;
/location/buckinghamshire/olney/;
/location/essex/ongar/;
/location/cambridgeshire/peterborough/;
/location/essex/rayleigh/;
/location/essex/rochford/;
/location/hertfordshire/royston/;
/location/essex/saffron-walden/;
/location/norfolk/sandringham/;
/location/bedfordshire/sandy/;
/location/hertfordshire/sawbridgeworth/;
/location/suffolk/saxmundham/;
/location/bedfordshire/shefford/;
/location/norfolk/sheringham/;
/location/lincolnshire/skegness/;
/location/essex/southend-on-sea/;
/location/essex/southminster/;
/location/suffolk/southwold/;
/location/lincolnshire/spalding/;
/location/lincolnshire/spilsby/;
/location/hertfordshire/st-albans/;
/location/cambridgeshire/st-ives/;
/location/cambridgeshire/st-neots/;
/location/lincolnshire/stamford/;
/location/essex/stanford-le-hope/;
/location/essex/stansted/;
/location/hertfordshire/stevenage/;
/location/suffolk/stowmarket/;
/location/suffolk/sudbury/;
/location/norfolk/swaffham/;
/location/norfolk/thetford/;
/location/norfolk/walsingham/;
/location/essex/walton-on-the-naze/;
/location/hertfordshire/ware/;
/location/norfolk/wells-next-the-sea/;
/location/hertfordshire/welwyn/;
/location/hertfordshire/welwyn-garden-city/;
/location/essex/westcliff-on-sea/;
/location/essex/wickford/;
/location/cambridgeshire/wisbech/;
/location/essex/witham/;
/location/suffolk/woodbridge/;
/location/norfolk/wymondham/;
/location/london/abbey-wood/;
/location/hertfordshire/abbots-langley/;
/location/london/acton/;
/location/surrey/addlestone/;
/location/london/anerley/;
/location/middlesex/ashford/;
/location/surrey/ashtead/;
/location/london/balham/;
/location/london/bank-of-england/;
/location/surrey/banstead/;
/location/london/barbican/;
/location/essex/barking/;
/location/london/barnes/;
/location/hertfordshire/barnet/;
/location/london/battersea/;
/location/kent/beckenham/;
/location/london/belgravia-north/;
/location/kent/belvedere/;
/location/london/bethnal-green/;
/location/kent/bexley/;
/location/kent/bexleyheath/;
/location/london/blackfriars/;
/location/london/blackheath/;
/location/london/bloomsbury/;
/location/hertfordshire/borehamwood/;
/location/london/bow/;
/location/middlesex/brentford/;
/location/london/brixton/;
/location/london/broadgate-and-liverpool-street/;
/location/london/brockley/;
/location/kent/bromley/;
/location/hertfordshire/broxbourne/;
/location/essex/buckhurst-hill/;
/location/london/buckingham-gate-to-victoria-station/;
/location/hertfordshire/bushey/;
/location/london/camberwell/;
/location/london/cannon-street/;
/location/surrey/carshalton/;
/location/surrey/caterham/;
/location/london/catford/;
/location/london/charing-cross/;
/location/london/charlton/;
/location/london/chelsea/;
/location/surrey/chertsey/;
/location/surrey/chessington/;
/location/essex/chigwell/;
/location/london/chinatown-and-se-soho/;
/location/london/chingford/;
/location/kent/chislehurst/;
/location/london/chiswick/;
/location/london/clapham/;
/location/london/clapton/;
/location/london/clerkenwell-and-farringdon/;
/location/surrey/cobham/;
/location/surrey/coulsdon/;
/location/london/covent-garden/;
/location/london/cricklewood/;
/location/surrey/croydon/;
/location/essex/dagenham/;
/location/kent/dartford/;
/location/london/deptford/;
/location/london/drury-lane-and-aldwych/;
/location/london/dulwich/;
/location/london/e1/;
/location/london/ealing/;
/location/london/earls-court/;
/location/london/east-central/;
/location/london/east-dulwich/;
/location/london/east-finchley/;
/location/london/east-finsbury-and-moorfields/;
/location/london/east-ham/;
/location/surrey/east-molesey/;
/location/london/east-of-buckingham-gate/;
/location/middlesex/edgware/;
/location/surrey/egham/;
/location/london/eltham/;
/location/middlesex/enfield/;
/location/surrey/epsom/;
/location/kent/erith/;
/location/surrey/esher/;
/location/london/euston/;
/location/middlesex/feltham/;
/location/london/fetter-lane/;
/location/london/finchley/;
/location/london/finsbury/;
/location/london/finsbury-park/;
/location/london/fitzrovia-and-tottenham-court-road/;
/location/london/forest-gate/;
/location/london/forest-hill/;
/location/london/fulham/;
/location/london/golders-green/;
/location/kent/gravesend/;
/location/london/grays-inn/;
/location/essex/grays/;
/location/london/great-ormond-street/;
/location/london/great-portland-street/;
/location/middlesex/greenford/;
/location/kent/greenhithe/;
/location/london/greenwich/;
/location/london/grosvenor-square-and-north-mayfair/;
/location/london/guildhall/;
/location/london/hackney/;
/location/london/hammersmith/;
/location/london/hampstead/;
/location/middlesex/hampton/;
/location/london/hanover-square-and-savile-row/;
/location/london/hanwell/;
/location/london/harley-street/;
/location/middlesex/harrow/;
/location/london/hatton-garden/;
/location/middlesex/hayes/;
/location/london/hendon/;
/location/london/herne-hill/;
/location/london/high-holborn/;
/location/london/highbury/;
/location/london/highgate/;
/location/hertfordshire/hoddesdon/;
/location/london/holloway/;
/location/london/homerton/;
/location/essex/hornchurch/;
/location/london/hornsey/;
/location/middlesex/hounslow/;
/location/essex/ilford/;
/location/middlesex/isleworth/;
/location/surrey/kenley/;
/location/london/kennington/;
/location/london/kensington/;
/location/london/kentish-town/;
/location/kent/keston/;
/location/london/kilburn/;
/location/london/kings-cross-and-finsbury-w/;
/location/hertfordshire/kings-langley/;
/location/surrey/kingston-upon-thames/;
/location/london/leadenhall;-lloyds-and-fenchurch-street/
/location/surrey/leatherhead/;
/location/london/lee/;
/location/london/leicester-square/;
/location/london/lewisham/;
/location/london/leyton/;
/location/london/leytonstone/;
/location/london/lincolns-inn-fields-and-royal-courts-of-justice/;
/location/kent/longfield/;
/location/essex/loughton/;
/location/london/lower-edmonton/;
/location/london/maida-vale/;
/location/london/manor-park/;
/location/london/mansion-house/;
/location/london/marylebone/;
/location/london/mill-hill/;
/location/surrey/mitcham/;
/location/london/monument-and-billingsgate/;
/location/surrey/morden/;
/location/london/mortlake/;
/location/london/muswell-hill/;
/location/london/n1/;
/location/london/nw-soho/;
/location/london/new-cross/;
/location/surrey/new-malden/;
/location/london/new-oxford-street/;
/location/london/new-southgate/;
/location/london/north-finchley/;
/location/london/north-kensington/;
/location/middlesex/northolt/;
/location/middlesex/northwood/;
/location/london/notting-hill/;
/location/london/old-broad-street/;
/location/london/olympic-park/;
/location/kent/orpington/;
/location/london/oxford-street-west/;
/location/london/paddington/;
/location/london/palmers-green/;
/location/london/parliament-and-vauxhall/;
/location/london/peckham/;
/location/london/piccadilly-and-south-mayfair/;
/location/middlesex/pinner/;
/location/london/plaistow/;
/location/london/poplar/;
/location/london/portland-and-regent-street/;
/location/hertfordshire/potters-bar/;
/location/essex/purfleet/;
/location/surrey/purley/;
/location/london/putney/;
/location/hertfordshire/radlett/;
/location/essex/rainham/;
/location/surrey/richmond/;
/location/hertfordshire/rickmansworth/;
/location/essex/romford/;
/location/london/rotherhithe/;
/location/london/royal-exchange-and-lombard-street/;
/location/middlesex/ruislip/;
/location/london/se1/;
/location/london/shepherds-bush/;
/location/middlesex/shepperton/;
/location/london/shoreditch/;
/location/kent/sidcup/;
/location/london/sloane-square-and-victoria-station/;
/location/london/somerset-house/;
/location/surrey/south-croydon/;
/location/london/south-kensington/;
/location/london/south-lambeth/;
/location/london/south-norwood/;
/location/essex/south-ockendon/;
/location/london/south-tottenham/;
/location/middlesex/southall/;
/location/london/southgate/;
/location/london/st-bartholomews-hospital/;
/location/london/st-johns-wood/;
/location/london/st-lukes-and-bunhill-fields/;
/location/london/st-mary-axe-and-aldgate/;
/location/london/st-pancras/;
/location/london/st-pauls/;
/location/london/st.-james/;
/location/middlesex/staines/;
/location/middlesex/stanmore/;
/location/london/stockwell/;
/location/london/stoke-newington/;
/location/london/stratford/;
/location/london/streatham/;
/location/middlesex/sunbury-on-thames/;
/location/surrey/surbiton/;
/location/surrey/sutton/;
/location/kent/swanley/;
/location/kent/swanscombe/;
/location/london/sydenham/;
/location/surrey/tadworth/;
/location/middlesex/teddington/;
/location/london/temple/;
/location/surrey/thames-ditton/;
/location/london/thamesmead/;
/location/london/the-hyde/;
/location/surrey/thornton-heath/;
/location/essex/tilbury/;
/location/london/tooting/;
/location/london/tottenham/;
/location/london/tower-hill/;
/location/middlesex/twickenham/;
/location/london/university-college/;
/location/essex/upminster/;
/location/london/upper-edmonton/;
/location/london/upper-holloway/;
/location/london/upper-norwood/;
/location/middlesex/uxbridge/;
/location/london/vauxhall-and-chelsea-bridge/;
/location/london/victoria-docks/;
/location/surrey/wallington/;
/location/essex/waltham-abbey/;
/location/hertfordshire/waltham-cross/;
/location/london/walthamstow/;
/location/surrey/walton-on-thames/;
/location/london/walworth/;
/location/london/wandsworth/;
/location/london/wapping/;
/location/surrey/warlingham/;
/location/hertfordshire/watford/;
/location/kent/welling/;
/location/middlesex/wembley/;
/location/london/west-brompton/;
/location/surrey/west-byfleet/;
/location/middlesex/west-drayton/;
/location/london/west-ealing/;
/location/london/west-kensington/;
/location/surrey/west-molesey/;
/location/london/west-norwood/;
/location/kent/west-wickham/;
/location/london/west-wimbledon/;
/location/surrey/weybridge/;
/location/london/whetstone/;
/location/london/whitehall-and-buckingham-palace/;
/location/surrey/whyteleafe/;
/location/london/willesden/;
/location/london/wimbledon/;
/location/london/winchmore-hill/;
/location/london/wood-green/;
/location/london/woodford/;
/location/essex/woodford-green/;
/location/london/woolwich/;
/location/surrey/worcester-park/;
/location/warwickshire/alcester/;
/location/derbyshire/alfreton/;
/location/derbyshire/ashbourne/;
/location/leicestershire/ashby-de-la-zouch/;
/location/warwickshire/atherstone/;
/location/derbyshire/bakewell/;
/location/warwickshire/bedworth/;
/location/derbyshire/belper/;
/location/worcestershire/bewdley/;
/location/west-midlands/bilston/;
/location/west-midlands/birmingham/;
/location/northamptonshire/brackley/;
/location/shropshire/bridgnorth/;
/location/west-midlands/brierley-hill/;
/location/worcestershire/bromsgrove/;
/location/staffordshire/burntwood/;
/location/staffordshire/burton-on-trent/;
/location/staffordshire/cannock/;
/location/leicestershire/coalville/;
/location/northamptonshire/corby/;
/location/west-midlands/coventry/;
/location/west-midlands/cradley-heath/;
/location/northamptonshire/daventry/;
/location/derbyshire/derby/;
/location/west-midlands/dudley/;
/location/lincolnshire/grantham/;
/location/west-midlands/halesowen/;
/location/derbyshire/heanor/;
/location/warwickshire/henley-in-arden/;
/location/leicestershire/hinckley/;
/location/leicestershire/ibstock/;
/location/derbyshire/ilkeston/;
/location/warwickshire/kenilworth/;
/location/northamptonshire/kettering/;
/location/worcestershire/kidderminster/;
/location/west-midlands/kingswinford/;
/location/warwickshire/leamington-spa/;
/location/staffordshire/leek/;
/location/leicestershire/leicester/;
/location/staffordshire/lichfield/;
/location/leicestershire/loughborough/;
/location/leicestershire/lutterworth/;
/location/nottinghamshire/mansfield/;
/location/leicestershire/market-harborough/;
/location/leicestershire/markfield/;
/location/derbyshire/matlock/;
/location/leicestershire/melton-mowbray/;
/location/nottinghamshire/newark/;
/location/staffordshire/newcastle/;
/location/northamptonshire/northampton/;
/location/nottinghamshire/nottingham/;
/location/warwickshire/nuneaton/;
/location/rutland/oakham/;
/location/west-midlands/oldbury/;
/location/worcestershire/redditch/;
/location/derbyshire/ripley/;
/location/west-midlands/rowley-regis/;
/location/warwickshire/rugby/;
/location/staffordshire/rugeley/;
/location/northamptonshire/rushden/;
/location/warwickshire/shipston-on-stour/;
/location/lincolnshire/sleaford/;
/location/west-midlands/smethwick/;
/location/west-midlands/solihull/;
/location/warwickshire/southam/;
/location/nottinghamshire/southwell/;
/location/staffordshire/stafford/;
/location/staffordshire/stoke-on-trent/;
/location/staffordshire/stone/;
/location/west-midlands/stourbridge/;
/location/worcestershire/stourport-on-severn/;
/location/warwickshire/stratford-upon-avon/;
/location/warwickshire/studley/;
/location/west-midlands/sutton-coldfield/;
/location/nottinghamshire/sutton-in-ashfield/;
/location/derbyshire/swadlincote/;
/location/staffordshire/tamworth/;
/location/west-midlands/tipton/;
/location/northamptonshire/towcester/;
/location/staffordshire/uttoxeter/;
/location/west-midlands/walsall/;
/location/warwickshire/warwick/;
/location/west-midlands/wednesbury/;
/location/northamptonshire/wellingborough/;
/location/west-midlands/west-bromwich/;
/location/leicestershire/wigston/;
/location/west-midlands/willenhall/;
/location/west-midlands/wolverhampton/;
/location/lincolnshire/alford/;
/location/northumberland/alnwick/;
/location/northumberland/ashington/;
/location/northumberland/bamburgh/;
/location/county-durham/barnard-castle/;
/location/south-humberside/barnetby/;
/location/south-yorkshire/barnsley/;
/location/south-humberside/barrow-upon-humber/;
/location/south-humberside/barton-upon-humber/;
/location/west-yorkshire/batley/;
/location/north-yorkshire/bedale/;
/location/northumberland/bedlington/;
/location/northumberland/belford/;
/location/north-humberside/beverley/;
/location/cleveland/billingham/;
/location/west-yorkshire/bingley/;
/location/county-durham/bishop-auckland/;
/location/tyne-and-wear/blaydon-on-tyne/;
/location/northumberland/blyth/;
/location/tyne-and-wear/boldon-colliery/;
/location/west-yorkshire/bradford/;
/location/north-humberside/bridlington/;
/location/south-humberside/brigg/;
/location/west-yorkshire/brighouse/;
/location/north-humberside/brough/;
/location/west-yorkshire/castleford/;
/location/north-yorkshire/catterick-garrison/;
/location/northumberland/chathill/;
/location/county-durham/chester-le-street/;
/location/derbyshire/chesterfield/;
/location/northumberland/choppington/;
/location/west-yorkshire/cleckheaton/;
/location/south-humberside/cleethorpes/;
/location/county-durham/consett/;
/location/northumberland/corbridge/;
/location/north-humberside/cottingham/;
/location/northumberland/cramlington/;
/location/county-durham/crook/;
/location/county-durham/darlington/;
/location/west-yorkshire/dewsbury/;
/location/south-yorkshire/doncaster/;
/location/north-humberside/driffield/;
/location/derbyshire/dronfield/;
/location/county-durham/durham/;
/location/tyne-and-wear/east-boldon/;
/location/west-yorkshire/elland/;
/location/county-durham/ferryhill/;
/location/north-yorkshire/filey/;
/location/lincolnshire/gainsborough/;
/location/tyne-and-wear/gateshead/;
/location/north-humberside/goole/;
/location/south-humberside/grimsby/;
/location/cleveland/guisborough/;
/location/west-yorkshire/halifax/;
/location/northumberland/haltwhistle/;
/location/north-yorkshire/harrogate/;
/location/cleveland/hartlepool/;
/location/north-yorkshire/hawes/;
/location/tyne-and-wear/hebburn/;
/location/west-yorkshire/hebden-bridge/;
/location/west-yorkshire/heckmondwike/;
/location/north-humberside/hessle/;
/location/northumberland/hexham/;
/location/west-yorkshire/holmfirth/;
/location/derbyshire/hope-valley/;
/location/lincolnshire/horncastle/;
/location/north-humberside/hornsea/;
/location/tyne-and-wear/houghton-le-spring/;
/location/west-yorkshire/huddersfield/;
/location/north-humberside/hull/;
/location/west-yorkshire/ilkley/;
/location/south-humberside/immingham/;
/location/tyne-and-wear/jarrow/;
/location/west-yorkshire/keighley/;
/location/north-yorkshire/knaresborough/;
/location/west-yorkshire/knottingley/;
/location/west-yorkshire/leeds/;
/location/north-yorkshire/leyburn/;
/location/lincolnshire/lincoln/;
/location/west-yorkshire/liversedge/;
/location/lincolnshire/louth/;
/location/lincolnshire/mablethorpe/;
/location/north-yorkshire/malton/;
/location/lincolnshire/market-rasen/;
/location/south-yorkshire/mexborough/;
/location/cleveland/middlesbrough/;
/location/west-yorkshire/mirfield/;
/location/northumberland/morpeth/;
/location/northumberland/newbiggin-by-the-sea/;
/location/tyne-and-wear/newcastle-upon-tyne/;
/location/county-durham/newton-aycliffe/;
/location/west-yorkshire/normanton/;
/location/north-humberside/north-ferriby/;
/location/tyne-and-wear/north-shields/;
/location/north-yorkshire/northallerton/;
/location/west-yorkshire/ossett/;
/location/west-yorkshire/otley/;
/location/county-durham/peterlee/;
/location/north-yorkshire/pickering/;
/location/west-yorkshire/pontefract/;
/location/northumberland/prudhoe/;
/location/west-yorkshire/pudsey/;
/location/cleveland/redcar/;
/location/nottinghamshire/retford/;
/location/north-yorkshire/richmond/;
/location/northumberland/riding-mill/;
/location/north-yorkshire/ripon/;
/location/south-yorkshire/rotherham/;
/location/tyne-and-wear/rowlands-gill/;
/location/tyne-and-wear/ryton/;
/location/cleveland/saltburn-by-the-sea/;
/location/north-yorkshire/scarborough/;
/location/south-humberside/scunthorpe/;
/location/county-durham/seaham/;
/location/northumberland/seahouses/;
/location/north-yorkshire/selby/;
/location/north-yorkshire/settle/;
/location/south-yorkshire/sheffield/;
/location/county-durham/shildon/;
/location/west-yorkshire/shipley/;
/location/north-yorkshire/skipton/;
/location/tyne-and-wear/south-shields/;
/location/west-yorkshire/sowerby-bridge/;
/location/county-durham/spennymoor/;
/location/county-durham/stanley/;
/location/northumberland/stocksfield/;
/location/cleveland/stockton-on-tees/;
/location/tyne-and-wear/sunderland/;
/location/north-yorkshire/tadcaster/;
/location/north-yorkshire/thirsk/;
/location/county-durham/trimdon-station/;
/location/south-humberside/ulceby/;
/location/west-yorkshire/wakefield/;
/location/tyne-and-wear/wallsend/;
/location/tyne-and-wear/washington/;
/location/west-yorkshire/wetherby/;
/location/north-yorkshire/whitby/;
/location/tyne-and-wear/whitley-bay/;
/location/county-durham/wingate/;
/location/north-humberside/withernsea/;
/location/lincolnshire/woodhall-spa/;
/location/northumberland/wooler/;
/location/nottinghamshire/worksop/;
/location/northumberland/wylam/;
/location/cleveland/yarm/;
/location/north-yorkshire/york/;
/location/lancashire/accrington/;
/location/cheshire/alderley-edge/;
/location/cumbria/alston/;
/location/cheshire/altrincham/;
/location/cumbria/ambleside/;
/location/cumbria/appleby-in-westmorland/;
/location/lancashire/ashton-under-lyne/;
/location/cumbria/askam-in-furness/;
/location/lancashire/bacup/;
/location/clwyd/bagillt/;
/location/lancashire/barnoldswick/;
/location/cumbria/barrow-in-furness/;
/location/cumbria/beckermet/;
/location/merseyside/birkenhead/;
/location/lancashire/blackburn/;
/location/lancashire/blackpool/;
/location/lancashire/bolton/;
/location/merseyside/bootle/;
/location/cumbria/brampton/;
/location/shropshire/broseley/;
/location/cumbria/broughton-in-furness/;
/location/clwyd/buckley/;
/location/lancashire/burnley/;
/location/lancashire/bury/;
/location/derbyshire/buxton/;
/location/cumbria/carlisle/;
/location/lancashire/carnforth/;
/location/cheshire/cheadle/;
/location/cheshire/chester/;
/location/lancashire/chorley/;
/location/cumbria/cleator/;
/location/cumbria/cleator-moor/;
/location/lancashire/clitheroe/;
/location/cumbria/cockermouth/;
/location/lancashire/colne/;
/location/cheshire/congleton/;
/location/cumbria/coniston/;
/location/cheshire/crewe/;
/location/cumbria/dalton-in-furness/;
/location/lancashire/darwen/;
/location/clwyd/deeside/;
/location/cheshire/dukinfield/;
/location/cumbria/egremont/;
/location/merseyside/ellesmere-port/;
/location/lancashire/fleetwood/;
/location/clwyd/flint/;
/location/cumbria/frizington/;
/location/cheshire/frodsham/;
/location/derbyshire/glossop/;
/location/cumbria/grange-over-sands/;
/location/lancashire/heywood/;
/location/derbyshire/high-peak/;
/location/cumbria/holmrook/;
/location/clwyd/holywell/;
/location/cheshire/hyde/;
/location/isles/isle-of-man/;
/location/cumbria/kendal/;
/location/cumbria/keswick/;
/location/cumbria/kirkby-stephen/;
/location/cumbria/kirkby-in-furness/;
/location/cheshire/knutsford/;
/location/lancashire/lancaster/;
/location/lancashire/leigh/;
/location/lancashire/leyland/;
/location/lancashire/littleborough/;
/location/merseyside/liverpool/;
/location/cheshire/lymm/;
/location/lancashire/lytham-st-annes/;
/location/cheshire/macclesfield/;
/location/lancashire/manchester/;
/location/shropshire/market-drayton/;
/location/cumbria/maryport/;
/location/cheshire/middlewich/;
/location/cumbria/millom/;
/location/cumbria/milnthorpe/;
/location/clwyd/mold/;
/location/cumbria/moor-row/;
/location/lancashire/morecambe/;
/location/shropshire/much-wenlock/;
/location/cheshire/nantwich/;
/location/lancashire/nelson/;
/location/merseyside/neston/;
/location/shropshire/newport/;
/location/merseyside/newton-le-willows/;
/location/cheshire/northwich/;
/location/lancashire/oldham/;
/location/lancashire/ormskirk/;
/location/cumbria/penrith/;
/location/lancashire/poulton-le-fylde/;
/location/merseyside/prenton/;
/location/merseyside/prescot/;
/location/lancashire/preston/;
/location/cumbria/ravenglass/;
/location/lancashire/rochdale/;
/location/lancashire/rossendale/;
/location/cheshire/runcorn/;
/location/cheshire/sale/;
/location/lancashire/salford/;
/location/cheshire/sandbach/;
/location/cumbria/seascale/;
/location/cumbria/sedbergh/;
/location/shropshire/shifnal/;
/location/lancashire/skelmersdale/;
/location/merseyside/southport/;
/location/cumbria/st-bees/;
/location/merseyside/st-helens/;
/location/cheshire/stalybridge/;
/location/cheshire/stockport/;
/location/cheshire/tarporley/;
/location/shropshire/telford/;
/location/lancashire/thornton-cleveleys/;
/location/lancashire/todmorden/;
/location/cumbria/ulverston/;
/location/merseyside/wallasey/;
/location/cheshire/warrington/;
/location/cumbria/whitehaven/;
/location/cheshire/widnes/;
/location/lancashire/wigan/;
/location/cumbria/wigton/;
/location/cheshire/wilmslow/;
/location/cumbria/windermere/;
/location/cheshire/winsford/;
/location/merseyside/wirral/;
/location/cumbria/workington/;
/location/county-antrim/antrim/;
/location/county-armargh/armagh/;
/location/county-tyrone/augher/;
/location/county-tyrone/aughnacloy/;
/location/county-antrim/ballycastle/;
/location/county-antrim/ballyclare/;
/location/county-antrim/ballymena/;
/location/county-antrim/ballymoney/;
/location/county-down/ballynahinch/;
/location/county-down/banbridge/;
/location/county-down/bangor/;
/location/county-antrim/belfast/;
/location/county-antrim/bushmills/;
/location/county-tyrone/caledon/;
/location/county-antrim/carrickfergus/;
/location/county-tyrone/castlederg/;
/location/county-down/castlewellan/;
/location/county-tyrone/clogher/;
/location/county-londonderry/coleraine/;
/location/county-tyrone/cookstown/;
/location/county-armargh/craigavon/;
/location/county-antrim/crumlin/;
/location/county-down/donaghadee/;
/location/county-down/downpatrick/;
/location/county-down/dromore/;
/location/county-tyrone/dungannon/;
/location/county-fermanagh/enniskillen/;
/location/county-tyrone/fivemiletown/;
/location/county-down/hillsborough/;
/location/county-down/holywood/;
/location/county-antrim/larne/;
/location/county-londonderry/limavady/;
/location/county-antrim/lisburn/;
/location/county-londonderry/londonderry/;
/location/county-londonderry/maghera/;
/location/county-londonderry/magherafelt/;
/location/county-down/newcastle/;
/location/county-down/newry/;
/location/county-antrim/newtownabbey/;
/location/county-down/newtownards/;
/location/county-tyrone/omagh/;
/location/county-antrim/portrush/;
/location/county-londonderry/portstewart/;
/location/county-tyrone/strabane/;
/location/aberdeenshire/aberdeen/;
/location/perthshire/aberfeldy/;
/location/banffshire/aberlour/;
/location/aberdeenshire/aboyne/;
/location/argyll/acharacle/;
/location/ross-shire/achnasheen/;
/location/lanarkshire/airdrie/;
/location/dunbartonshire/alexandria/;
/location/aberdeenshire/alford/;
/location/clackmannanshire/alloa/;
/location/ross-shire/alness/;
/location/clackmannanshire/alva/;
/location/dumfriesshire/annan/;
/location/fife/anstruther/;
/location/argyll/appin/;
/location/angus/arbroath/;
/location/sutherland/ardgay/;
/location/ayrshire/ardrossan/;
/location/inverness-shire/arisaig/;
/location/dunbartonshire/arrochar/;
/location/perthshire/auchterarder/;
/location/inverness-shire/aviemore/;
/location/ross-shire/avoch/;
/location/ayrshire/ayr/;
/location/midlothian/balerno/;
/location/argyll/ballachulish/;
/location/aberdeenshire/ballater/;
/location/banffshire/ballindalloch/;
/location/kincardineshire/banchory/;
/location/banffshire/banff/;
/location/west-lothian/bathgate/;
/location/inverness-shire/beauly/;
/location/ayrshire/beith/;
/location/lanarkshire/bellshill/;
/location/caithness/berriedale/;
/location/berwickshire/berwick-upon-tweed/;
/location/lanarkshire/biggar/;
/location/renfrewshire/bishopton/;
/location/perthshire/blairgowrie/;
/location/west-lothian/boness/;
/location/inverness-shire/boat-of-garten/;
/location/stirlingshire/bonnybridge/;
/location/midlothian/bonnyrigg/;
/location/angus/brechin/;
/location/argyll/bridge-of-orchy/;
/location/renfrewshire/bridge-of-weir/;
/location/sutherland/brora/;
/location/west-lothian/broxburn/;
/location/banffshire/buckie/;
/location/fife/burntisland/;
/location/argyll/cairndow/;
/location/perthshire/callander/;
/location/argyll/campbeltown/;
/location/dumfriesshire/canonbie/;
/location/lanarkshire/carluke/;
/location/angus/carnoustie/;
/location/inverness-shire/carrbridge/;
/location/kirkcudbrightshire/castle-douglas/;
/location/clackmannanshire/clackmannan/;
/location/dunbartonshire/clydebank/;
/location/lanarkshire/coatbridge/;
/location/berwickshire/cockburnspath/;
/location/berwickshire/coldstream/;
/location/argyll/colintraive/;
/location/northumberland/cornhill-on-tweed/;
/location/inverness-shire/corrour/;
/location/fife/cowdenbeath/;
/location/perthshire/crianlarich/;
/location/perthshire/crieff/;
/location/ross-shire/cromarty/;
/location/ayrshire/cumnock/;
/location/fife/cupar/;
/location/midlothian/currie/;
/location/kirkcudbrightshire/dalbeattie/;
/location/midlothian/dalkeith/;
/location/argyll/dalmally/;
/location/ayrshire/dalry/;
/location/inverness-shire/dalwhinnie/;
/location/ayrshire/darvel/;
/location/stirlingshire/denny/;
/location/ross-shire/dingwall/;
/location/clackmannanshire/dollar/;
/location/sutherland/dornoch/;
/location/perthshire/doune/;
/location/dunbartonshire/dumbarton/;
/location/dumfriesshire/dumfries/;
/location/east-lothian/dunbar/;
/location/caithness/dunbeath/;
/location/perthshire/dunblane/;
/location/angus/dundee/;
/location/fife/dunfermline/;
/location/perthshire/dunkeld/;
/location/argyll/dunoon/;
/location/berwickshire/duns/;
/location/berwickshire/earlston/;
/location/east-lothian/east-linton/;
/location/midlothian/edinburgh/;
/location/morayshire/elgin/;
/location/aberdeenshire/ellon/;
/location/renfrewshire/erskine/;
/location/berwickshire/eyemouth/;
/location/stirlingshire/falkirk/;
/location/morayshire/fochabers/;
/location/angus/forfar/;
/location/morayshire/forres/;
/location/sutherland/forsinard/;
/location/inverness-shire/fort-augustus/;
/location/inverness-shire/fort-william/;
/location/ross-shire/fortrose/;
/location/aberdeenshire/fraserburgh/;
/location/ross-shire/gairloch/;
/location/selkirkshire/galashiels/;
/location/ayrshire/galston/;
/location/ross-shire/garve/;
/location/ayrshire/girvan/;
/location/lanarkshire/glasgow/;
/location/inverness-shire/glenfinnan/;
/location/fife/glenrothes/;
/location/sutherland/golspie/;
/location/berwickshire/gordon/;
/location/midlothian/gorebridge/;
/location/renfrewshire/gourock/;
/location/stirlingshire/grangemouth/;
/location/morayshire/grantown-on-spey/;
/location/renfrewshire/greenock/;
/location/dumfriesshire/gretna/;
/location/east-lothian/gullane/;
/location/east-lothian/haddington/;
/location/caithness/halkirk/;
/location/lanarkshire/hamilton/;
/location/roxburghshire/hawick/;
/location/dunbartonshire/helensburgh/;
/location/sutherland/helmsdale/;
/location/midlothian/heriot/;
/location/east-lothian/humbie/;
/location/aberdeenshire/huntly/;
/location/peeblesshire/innerleithen/;
/location/aberdeenshire/insch/;
/location/argyll/inveraray/;
/location/inverness-shire/invergarry/;
/location/ross-shire/invergordon/;
/location/fife/inverkeithing/;
/location/inverness-shire/inverness/;
/location/aberdeenshire/inverurie/;
/location/ayrshire/irvine/;
/location/isles/isle-of-arran/;
/location/isles/isle-of-barra/;
/location/isles/isle-of-benbecula/;
/location/isle-of-bute/isle-of-bute/;
/location/isle-of-canna/isle-of-canna/;
/location/isle-of-coll/isle-of-coll/;
/location/isle-of-colonsay/isle-of-colonsay/;
/location/isles/isle-of-cumbrae/;
/location/isle-of-eigg/isle-of-eigg/;
/location/isle-of-gigha/isle-of-gigha/;
/location/isles/isle-of-harris/;
/location/isle-of-iona/isle-of-iona/;
/location/isle-of-islay/isle-of-islay/;
/location/isle-of-jura/isle-of-jura/;
/location/isles/isle-of-lewis/;
/location/isle-of-mull/isle-of-mull/;
/location/isles/isle-of-north-uist/;
/location/isle-of-rum/isle-of-rum/;
/location/isles/isle-of-scalpay/;
/location/isle-of-skye/isle-of-skye/;
/location/isles/isle-of-south-uist/;
/location/isle-of-tiree/isle-of-tiree/;
/location/roxburghshire/jedburgh/;
/location/renfrewshire/johnstone/;
/location/midlothian/juniper-green/;
/location/banffshire/keith/;
/location/roxburghshire/kelso/;
/location/fife/kelty/;
/location/ayrshire/kilbirnie/;
/location/perthshire/killin/;
/location/renfrewshire/kilmacolm/;
/location/ayrshire/kilmarnock/;
/location/ayrshire/kilwinning/;
/location/sutherland/kinbrace/;
/location/inverness-shire/kingussie/;
/location/argyll/kinlochleven/;
/location/kinross-shire/kinross/;
/location/fife/kirkcaldy/;
/location/kirkcudbrightshire/kirkcudbright/;
/location/west-lothian/kirkliston/;
/location/midlothian/kirknewton/;
/location/isle-of-orkney/kirkwall/;
/location/angus/kirriemuir/;
/location/ross-shire/kyle/;
/location/sutherland/lairg/;
/location/lanarkshire/lanark/;
/location/dumfriesshire/langholm/;
/location/stirlingshire/larbert/;
/location/ayrshire/largs/;
/location/lanarkshire/larkhall/;
/location/midlothian/lasswade/;
/location/caithness/latheron/;
/location/berwickshire/lauder/;
/location/kincardineshire/laurencekirk/;
/location/fife/leven/;
/location/west-lothian/linlithgow/;
/location/west-lothian/livingston/;
/location/midlothian/loanhead/;
/location/inverness-shire/lochailort/;
/location/perthshire/lochearnhead/;
/location/fife/lochgelly/;
/location/argyll/lochgilphead/;
/location/renfrewshire/lochwinnoch/;
/location/dumfriesshire/lockerbie/;
/location/east-lothian/longniddry/;
/location/morayshire/lossiemouth/;
/location/caithness/lybster/;
/location/banffshire/macduff/;
/location/inverness-shire/mallaig/;
/location/ayrshire/mauchline/;
/location/ayrshire/maybole/;
/location/roxburghshire/melrose/;
/location/clackmannanshire/menstrie/;
/location/aberdeenshire/milltimber/;
/location/northumberland/mindrum/;
/location/dumfriesshire/moffat/;
/location/angus/montrose/;
/location/lanarkshire/motherwell/;
/location/ross-shire/muir-of-ord/;
/location/ross-shire/munlochy/;
/location/midlothian/musselburgh/;
/location/nairnshire/nairn/;
/location/inverness-shire/nethy-bridge/;
/location/midlothian/newbridge/;
/location/roxburghshire/newcastleton/;
/location/ayrshire/newmilns/;
/location/fife/newport-on-tay/;
/location/wigtownshire/newton-stewart/;
/location/inverness-shire/newtonmore/;
/location/east-lothian/north-berwick/;
/location/argyll/oban/;
/location/isle-of-orkney/orkney/;
/location/renfrewshire/paisley/;
/location/midlothian/pathhead/;
/location/peeblesshire/peebles/;
/location/midlothian/penicuik/;
/location/perthshire/perth/;
/location/aberdeenshire/peterculter/;
/location/aberdeenshire/peterhead/;
/location/perthshire/pitlochry/;
/location/ross-shire/plockton/;
/location/renfrewshire/port-glasgow/;
/location/isle-of-skye/portree/;
/location/east-lothian/prestonpans/;
/location/ayrshire/prestwick/;
/location/renfrewshire/renfrew/;
/location/sutherland/rogart/;
/location/midlothian/rosewell/;
/location/midlothian/roslin/;
/location/inverness-shire/roy-bridge/;
/location/ayrshire/saltcoats/;
/location/dumfriesshire/sanquhar/;
/location/selkirkshire/selkirk/;
/location/shetland-islands/shetland/;
/location/lanarkshire/shotts/;
/location/ayrshire/skelmorlie/;
/location/west-lothian/south-queensferry/;
/location/inverness-shire/spean-bridge/;
/location/fife/st-andrews/;
/location/ayrshire/stevenston/;
/location/stirlingshire/stirling/;
/location/kincardineshire/stonehaven/;
/location/isle-of-lewis/stornoway/;
/location/wigtownshire/stranraer/;
/location/lanarkshire/strathaven/;
/location/ross-shire/strathcarron/;
/location/aberdeenshire/strathdon/;
/location/ross-shire/strathpeffer/;
/location/ross-shire/strome-ferry/;
/location/isle-of-orkney/stromness/;
/location/ross-shire/tain/;
/location/argyll/tarbert/;
/location/argyll/taynuilt/;
/location/fife/tayport/;
/location/dumfriesshire/thornhill/;
/location/caithness/thurso/;
/location/argyll/tighnabruaich/;
/location/clackmannanshire/tillicoultry/;
/location/east-lothian/tranent/;
/location/ayrshire/troon/;
/location/aberdeenshire/turriff/;
/location/ross-shire/ullapool/;
/location/peeblesshire/walkerburn/;
/location/renfrewshire/wemyss-bay/;
/location/west-lothian/west-calder/;
/location/ayrshire/west-kilbride/;
/location/peeblesshire/west-linton/;
/location/aberdeenshire/westhill/;
/location/caithness/wick/;
/location/lanarkshire/wishaw/;
/location/oxfordshire/abingdon/;
/location/hampshire/aldershot/;
/location/hampshire/alresford/;
/location/hampshire/alton/;
/location/buckinghamshire/amersham/;
/location/hampshire/andover/;
/location/berkshire/ascot/;
/location/buckinghamshire/aylesbury/;
/location/surrey/bagshot/;
/location/oxfordshire/bampton/;
/location/oxfordshire/banbury/;
/location/hampshire/basingstoke/;
/location/buckinghamshire/beaconsfield/;
/location/isle-of-wight/bembridge/;
/location/hertfordshire/berkhamsted/;
/location/oxfordshire/bicester/;
/location/west-sussex/bognor-regis/;
/location/hampshire/bordon/;
/location/buckinghamshire/bourne-end/;
/location/berkshire/bracknell/;
/location/hampshire/brockenhurst/;
/location/oxfordshire/burford/;
/location/wiltshire/calne/;
/location/surrey/camberley/;
/location/oxfordshire/carterton/;
/location/buckinghamshire/chalfont-st-giles/;
/location/buckinghamshire/chesham/;
/location/west-sussex/chichester/;
/location/oxfordshire/chinnor/;
/location/wiltshire/chippenham/;
/location/oxfordshire/chipping-norton/;
/location/wiltshire/corsham/;
/location/isle-of-wight/cowes/;
/location/surrey/cranleigh/;
/location/berkshire/crowthorne/;
/location/wiltshire/devizes/;
/location/oxfordshire/didcot/;
/location/isle-of-wight/east-cowes/;
/location/hampshire/eastleigh/;
/location/hampshire/emsworth/;
/location/hampshire/fareham/;
/location/oxfordshire/faringdon/;
/location/hampshire/farnborough/;
/location/surrey/farnham/;
/location/hampshire/fleet/;
/location/hampshire/fordingbridge/;
/location/isle-of-wight/freshwater/;
/location/buckinghamshire/gerrards-cross/;
/location/dorset/gillingham/;
/location/surrey/godalming/;
/location/hampshire/gosport/;
/location/buckinghamshire/great-missenden/;
/location/channel-islands/guernsey/;
/location/surrey/guildford/;
/location/surrey/haslemere/;
/location/hampshire/havant/;
/location/hampshire/hayling-island/;
/location/hertfordshire/hemel-hempstead/;
/location/oxfordshire/henley-on-thames/;
/location/buckinghamshire/high-wycombe/;
/location/surrey/hindhead/;
/location/hampshire/hook/;
/location/berkshire/hungerford/;
/location/buckinghamshire/iver/;
/location/channel-islands/jersey/;
/location/oxfordshire/kidlington/;
/location/hampshire/lee-on-the-solent/;
/location/surrey/lightwater/;
/location/hampshire/liphook/;
/location/hampshire/liss/;
/location/hampshire/lymington/;
/location/hampshire/lyndhurst/;
/location/berkshire/maidenhead/;
/location/wiltshire/malmesbury/;
/location/wiltshire/marlborough/;
/location/buckinghamshire/marlow/;
/location/wiltshire/melksham/;
/location/west-sussex/midhurst/;
/location/berkshire/newbury/;
/location/isle-of-wight/newport/;
/location/oxfordshire/oxford/;
/location/hampshire/petersfield/;
/location/west-sussex/petworth/;
/location/wiltshire/pewsey/;
/location/hampshire/portsmouth/;
/location/buckinghamshire/princes-risborough/;
/location/berkshire/reading/;
/location/hampshire/romsey/;
/location/hampshire/rowlands-castle/;
/location/isle-of-wight/ryde/;
/location/wiltshire/salisbury/;
/location/berkshire/sandhurst/;
/location/isle-of-wight/sandown/;
/location/isle-of-wight/seaview/;
/location/dorset/shaftesbury/;
/location/isle-of-wight/shanklin/;
/location/berkshire/slough/;
/location/hampshire/southampton/;
/location/hampshire/southsea/;
/location/hampshire/stockbridge/;
/location/wiltshire/swindon/;
/location/hampshire/tadley/;
/location/oxfordshire/thame/;
/location/berkshire/thatcham/;
/location/hampshire/tidworth/;
/location/isle-of-wight/totland-bay/;
/location/hertfordshire/tring/;
/location/isle-of-wight/ventnor/;
/location/surrey/virginia-water/;
/location/oxfordshire/wallingford/;
/location/oxfordshire/wantage/;
/location/hampshire/waterlooville/;
/location/oxfordshire/watlington/;
/location/hampshire/whitchurch/;
/location/hampshire/winchester/;
/location/surrey/windlesham/;
/location/berkshire/windsor/;
/location/oxfordshire/witney/;
/location/surrey/woking/;
/location/berkshire/wokingham/;
/location/oxfordshire/woodstock/;
/location/isle-of-wight/yarmouth/;
/location/hampshire/yateley/;
/location/west-sussex/arundel/;
/location/kent/ashford/;
/location/kent/aylesford/;
/location/east-sussex/battle/;
/location/surrey/betchworth/;
/location/east-sussex/bexhill-on-sea/;
/location/west-sussex/billingshurst/;
/location/kent/birchington/;
/location/east-sussex/brighton/;
/location/kent/broadstairs/;
/location/west-sussex/burgess-hill/;
/location/kent/canterbury/;
/location/kent/chatham/;
/location/kent/cranbrook/;
/location/west-sussex/crawley/;
/location/east-sussex/crowborough/;
/location/kent/deal/;
/location/surrey/dorking/;
/location/kent/dover/;
/location/west-sussex/east-grinstead/;
/location/east-sussex/eastbourne/;
/location/kent/edenbridge/;
/location/east-sussex/etchingham/;
/location/kent/faversham/;
/location/kent/folkestone/;
/location/east-sussex/forest-row/;
/location/west-sussex/gatwick/;
/location/kent/gillingham/;
/location/surrey/godstone/;
/location/east-sussex/hailsham/;
/location/east-sussex/hartfield/;
/location/west-sussex/hassocks/;
/location/east-sussex/hastings/;
/location/west-sussex/haywards-heath/;
/location/east-sussex/heathfield/;
/location/west-sussex/henfield/;
/location/kent/herne-bay/;
/location/surrey/horley/;
/location/west-sussex/horsham/;
/location/east-sussex/hove/;
/location/kent/hythe/;
/location/west-sussex/lancing/;
/location/east-sussex/lewes/;
/location/surrey/lingfield/;
/location/west-sussex/littlehampton/;
/location/kent/maidstone/;
/location/kent/margate/;
/location/east-sussex/mayfield/;
/location/kent/new-romney/;
/location/east-sussex/newhaven/;
/location/surrey/oxted/;
/location/east-sussex/peacehaven/;
/location/east-sussex/pevensey/;
/location/east-sussex/polegate/;
/location/west-sussex/pulborough/;
/location/kent/queenborough/;
/location/kent/ramsgate/;
/location/surrey/redhill/;
/location/surrey/reigate/;
/location/east-sussex/robertsbridge/;
/location/kent/rochester/;
/location/kent/romney-marsh/;
/location/east-sussex/rye/;
/location/kent/sandwich/;
/location/east-sussex/seaford/;
/location/kent/sevenoaks/;
/location/kent/sheerness/;
/location/west-sussex/shoreham-by-sea/;
/location/kent/sittingbourne/;
/location/kent/snodland/;
/location/east-sussex/st-leonards-on-sea/;
/location/west-sussex/steyning/;
/location/kent/tenterden/;
/location/kent/tonbridge/;
/location/kent/tunbridge-wells/;
/location/east-sussex/uckfield/;
/location/east-sussex/wadhurst/;
/location/kent/west-malling/;
/location/kent/westerham/;
/location/kent/westgate-on-sea/;
/location/kent/whitstable/;
/location/east-sussex/winchelsea/;
/location/west-sussex/worthing/;
/location/somerset/axbridge/;
/location/devon/axminster/;
/location/avon/badminton/;
/location/avon/banwell/;
/location/devon/barnstaple/;
/location/avon/bath/;
/location/dorset/beaminster/;
/location/devon/beaworthy/;
/location/gloucestershire/berkeley/;
/location/devon/bideford/;
/location/gloucestershire/blakeney/;
/location/dorset/blandford-forum/;
/location/cornwall/bodmin/;
/location/cornwall/boscastle/;
/location/dorset/bournemouth/;
/location/wiltshire/bradford-on-avon/;
/location/devon/braunton/;
/location/somerset/bridgwater/;
/location/dorset/bridport/;
/location/avon/bristol/;
/location/devon/brixham/;
/location/dorset/broadstone/;
/location/worcestershire/broadway/;
/location/herefordshire/bromyard/;
/location/somerset/bruton/;
/location/devon/buckfastleigh/;
/location/cornwall/bude/;
/location/devon/budleigh-salterton/;
/location/somerset/burnham-on-sea/;
/location/cornwall/callington/;
/location/cornwall/calstock/;
/location/cornwall/camborne/;
/location/cornwall/camelford/;
/location/somerset/castle-cary/;
/location/somerset/chard/;
/location/somerset/cheddar/;
/location/gloucestershire/cheltenham/;
/location/gloucestershire/chipping-campden/;
/location/dorset/christchurch/;
/location/devon/chulmleigh/;
/location/gloucestershire/cinderford/;
/location/gloucestershire/cirencester/;
/location/avon/clevedon/;
/location/gloucestershire/coleford/;
/location/devon/colyton/;
/location/devon/crediton/;
/location/somerset/crewkerne/;
/location/devon/cullompton/;
/location/devon/dartmouth/;
/location/devon/dawlish/;
/location/cornwall/delabole/;
/location/dorset/dorchester/;
/location/worcestershire/droitwich/;
/location/gloucestershire/drybrook/;
/location/somerset/dulverton/;
/location/gloucestershire/dursley/;
/location/gloucestershire/dymock/;
/location/worcestershire/evesham/;
/location/devon/exeter/;
/location/devon/exmouth/;
/location/gloucestershire/fairford/;
/location/cornwall/falmouth/;
/location/dorset/ferndown/;
/location/cornwall/fowey/;
/location/somerset/frome/;
/location/somerset/glastonbury/;
/location/gloucestershire/gloucester/;
/location/cornwall/gunnislake/;
/location/cornwall/hayle/;
/location/cornwall/helston/;
/location/herefordshire/hereford/;
/location/somerset/highbridge/;
/location/somerset/hinton-st-george/;
/location/devon/holsworthy/;
/location/devon/honiton/;
/location/devon/ilfracombe/;
/location/somerset/ilminster/;
/location/isles-of-scilly/isles-of-scilly/;
/location/devon/ivybridge/;
/location/devon/kingsbridge/;
/location/herefordshire/kington/;
/location/somerset/langport/;
/location/cornwall/launceston/;
/location/gloucestershire/lechlade/;
/location/herefordshire/ledbury/;
/location/herefordshire/leominster/;
/location/devon/lifton/;
/location/cornwall/liskeard/;
/location/gloucestershire/longhope/;
/location/cornwall/looe/;
/location/cornwall/lostwithiel/;
/location/gloucestershire/lydbrook/;
/location/gloucestershire/lydney/;
/location/dorset/lyme-regis/;
/location/devon/lynmouth/;
/location/devon/lynton/;
/location/worcestershire/malvern/;
/location/cornwall/marazion/;
/location/somerset/martock/;
/location/somerset/merriott/;
/location/somerset/minehead/;
/location/gloucestershire/mitcheldean/;
/location/somerset/montacute/;
/location/gloucestershire/moreton-in-marsh/;
/location/hampshire/new-milton/;
/location/gloucestershire/newent/;
/location/gloucestershire/newnham/;
/location/cornwall/newquay/;
/location/devon/newton-abbot/;
/location/devon/north-tawton/;
/location/devon/okehampton/;
/location/devon/ottery-st-mary/;
/location/cornwall/padstow/;
/location/devon/paignton/;
/location/cornwall/par/;
/location/cornwall/penryn/;
/location/cornwall/penzance/;
/location/cornwall/perranporth/;
/location/worcestershire/pershore/;
/location/devon/plymouth/;
/location/dorset/poole/;
/location/cornwall/port-isaac/;
/location/dorset/portland/;
/location/avon/radstock/;
/location/cornwall/redruth/;
/location/hampshire/ringwood/;
/location/herefordshire/ross-on-wye/;
/location/gloucestershire/ruardean/;
/location/devon/salcombe/;
/location/cornwall/saltash/;
/location/devon/seaton/;
/location/somerset/shepton-mallet/;
/location/dorset/sherborne/;
/location/devon/sidmouth/;
/location/somerset/somerton/;
/location/devon/south-brent/;
/location/devon/south-molton/;
/location/somerset/south-petherton/;
/location/cornwall/st-agnes/;
/location/cornwall/st-austell/;
/location/cornwall/st-columb/;
/location/cornwall/st-ives/;
/location/somerset/stoke-sub-hamdon/;
/location/gloucestershire/stonehouse/;
/location/somerset/street/;
/location/gloucestershire/stroud/;
/location/dorset/sturminster-newton/;
/location/dorset/swanage/;
/location/somerset/taunton/;
/location/devon/tavistock/;
/location/devon/teignmouth/;
/location/somerset/templecombe/;
/location/worcestershire/tenbury-wells/;
/location/gloucestershire/tetbury/;
/location/gloucestershire/tewkesbury/;
/location/cornwall/tintagel/;
/location/devon/tiverton/;
/location/cornwall/torpoint/;
/location/devon/torquay/;
/location/devon/torrington/;
/location/devon/totnes/;
/location/wiltshire/trowbridge/;
/location/cornwall/truro/;
/location/devon/umberleigh/;
/location/dorset/verwood/;
/location/cornwall/wadebridge/;
/location/dorset/wareham/;
/location/wiltshire/warminster/;
/location/somerset/watchet/;
/location/somerset/wedmore/;
/location/somerset/wellington/;
/location/somerset/wells/;
/location/wiltshire/westbury/;
/location/gloucestershire/westbury-on-severn/;
/location/avon/weston-super-mare/;
/location/dorset/weymouth/;
/location/dorset/wimborne/;
/location/somerset/wincanton/;
/location/devon/winkleigh/;
/location/avon/winscombe/;
/location/devon/woolacombe/;
/location/worcestershire/worcester/;
/location/gloucestershire/wotton-under-edge/;
/location/devon/yelverton/;
/location/somerset/yeovil/;
/location/dyfed/aberaeron/;
/location/mid-glamorgan/aberdare/;
/location/gwynedd/aberdovey/;
/location/gwent/abergavenny/;
/location/clwyd/abergele/;
/location/gwent/abertillery/;
/location/dyfed/aberystwyth/;
/location/gwynedd/amlwch/;
/location/dyfed/ammanford/;
/location/gwynedd/arthog/;
/location/gwynedd/bala/;
/location/gwynedd/bangor/;
/location/mid-glamorgan/bargoed/;
/location/gwynedd/barmouth/;
/location/south-glamorgan/barry/;
/location/gwynedd/beaumaris/;
/location/gwynedd/betws-y-coed/;
/location/shropshire/bishops-castle/;
/location/gwent/blackwood/;
/location/gwynedd/blaenau-ffestiniog/;
/location/gwynedd/bodorgan/;
/location/dyfed/boncath/;
/location/dyfed/borth/;
/location/dyfed/bow-street/;
/location/powys/brecon/;
/location/mid-glamorgan/bridgend/;
/location/gwynedd/brynteg/;
/location/shropshire/bucknell/;
/location/powys/builth-wells/;
/location/dyfed/burry-port/;
/location/gwynedd/caernarfon/;
/location/mid-glamorgan/caerphilly/;
/location/powys/caersws/;
/location/gwent/caldicot/;
/location/south-glamorgan/cardiff/;
/location/dyfed/cardigan/;
/location/dyfed/carmarthen/;
/location/gwynedd/cemaes-bay/;
/location/gwent/chepstow/;
/location/shropshire/church-stretton/;
/location/dyfed/clarbeston-road/;
/location/dyfed/clynderwen/;
/location/clwyd/colwyn-bay/;
/location/gwynedd/conwy/;
/location/clwyd/corwen/;
/location/south-glamorgan/cowbridge/;
/location/shropshire/craven-arms/;
/location/gwynedd/criccieth/;
/location/powys/crickhowell/;
/location/dyfed/crymych/;
/location/gwent/cwmbran/;
/location/clwyd/denbigh/;
/location/south-glamorgan/dinas-powys/;
/location/gwynedd/dolgellau/;
/location/gwynedd/dolwyddelan/;
/location/gwynedd/dulas/;
/location/gwynedd/dyffryn-ardudwy/;
/location/gwent/ebbw-vale/;
/location/shropshire/ellesmere/;
/location/gwynedd/fairbourne/;
/location/mid-glamorgan/ferndale/;
/location/dyfed/ferryside/;
/location/dyfed/fishguard/;
/location/gwynedd/gaerwen/;
/location/gwynedd/garndolbenmaen/;
/location/dyfed/glogue/;
/location/dyfed/goodwick/;
/location/gwynedd/harlech/;
/location/dyfed/haverfordwest/;
/location/mid-glamorgan/hengoed/;
/location/gwynedd/holyhead/;
/location/dyfed/kidwelly/;
/location/dyfed/kilgetty/;
/location/powys/knighton/;
/location/dyfed/lampeter/;
/location/dyfed/llanarth/;
/location/gwynedd/llanbedr/;
/location/gwynedd/llanbedrgoch/;
/location/powys/llanbrynmair/;
/location/dyfed/llandeilo/;
/location/powys/llandinam/;
/location/dyfed/llandovery/;
/location/powys/llandrindod-wells/;
/location/gwynedd/llandudno/;
/location/gwynedd/llandudno-junction/;
/location/dyfed/llandysul/;
/location/dyfed/llanelli/;
/location/gwynedd/llanerchymedd/;
/location/gwynedd/llanfairfechan/;
/location/gwynedd/llanfairpwllgwyngyll/;
/location/powys/llanfechain/;
/location/powys/llanfyllin/;
/location/dyfed/llanfyrnach/;
/location/dyfed/llangadog/;
/location/powys/llangammarch-wells/;
/location/gwynedd/llangefni/;
/location/clwyd/llangollen/;
/location/powys/llanidloes/;
/location/dyfed/llanon/;
/location/dyfed/llanrhystud/;
/location/gwynedd/llanrwst/;
/location/powys/llansantffraid/;
/location/south-glamorgan/llantwit-major/;
/location/dyfed/llanwrda/;
/location/powys/llanwrtyd-wells/;
/location/dyfed/llanybydder/;
/location/powys/llanymynech/;
/location/gwynedd/llwyngwril/;
/location/shropshire/ludlow/;
/location/shropshire/lydbury-north/;
/location/powys/machynlleth/;
/location/mid-glamorgan/maesteg/;
/location/cheshire/malpas/;
/location/gwynedd/marianglas/;
/location/powys/meifod/;
/location/gwynedd/menai-bridge/;
/location/mid-glamorgan/merthyr-tydfil/;
/location/dyfed/milford-haven/;
/location/gwynedd/moelfre/;
/location/gwent/monmouth/;
/location/powys/montgomery/;
/location/mid-glamorgan/mountain-ash/;
/location/dyfed/narberth/;
/location/west-glamorgan/neath/;
/location/dyfed/new-quay/;
/location/gwent/new-tredegar/;
/location/dyfed/newcastle-emlyn/;
/location/monmouthshire/newport/;
/location/pembrokeshire/newport/;
/location/powys/newtown/;
/location/shropshire/oswestry/;
/location/dyfed/pembroke/;
/location/dyfed/pembroke-dock/;
/location/south-glamorgan/penarth/;
/location/dyfed/pencader/;
/location/gwynedd/penmaenmawr/;
/location/gwynedd/penrhyndeudraeth/;
/location/gwynedd/pentraeth/;
/location/mid-glamorgan/pentre/;
/location/gwynedd/penysarn/;
/location/mid-glamorgan/pontyclun/;
/location/gwent/pontypool/;
/location/mid-glamorgan/pontypridd/;
/location/west-glamorgan/port-talbot/;
/location/mid-glamorgan/porth/;
/location/mid-glamorgan/porthcawl/;
/location/gwynedd/porthmadog/;
/location/clwyd/prestatyn/;
/location/powys/presteigne/;
/location/gwynedd/pwllheli/;
/location/powys/rhayader/;
/location/gwynedd/rhosgoch/;
/location/gwynedd/rhosneigr/;
/location/clwyd/rhyl/;
/location/clwyd/ruthin/;
/location/dyfed/saundersfoot/;
/location/shropshire/shrewsbury/;
/location/clwyd/st-asaph/;
/location/west-glamorgan/swansea/;
/location/gwynedd/talsarnau/;
/location/gwynedd/talybont/;
/location/dyfed/talybont/;
/location/dyfed/tenby/;
/location/mid-glamorgan/tonypandy/;
/location/gwent/tredegar/;
/location/gwynedd/trefriw/;
/location/dyfed/tregaron/;
/location/mid-glamorgan/treharris/;
/location/mid-glamorgan/treorchy/;
/location/gwynedd/ty-croes/;
/location/gwynedd/tyn-y-gongl/;
/location/gwynedd/tywyn/;
/location/gwent/usk/;
/location/powys/welshpool/;
/location/shropshire/whitchurch/;
/location/dyfed/whitland/;
/location/clwyd/wrexham/;
/location/gwynedd/y-felinheli/;
/location/dyfed/ystrad-meurig/;